CURSMOKE,0,1,All
0,0.49702244617498853,0.152084287677508,0.6491067338524965
1,0.27164452588181404,0.07924874026568941,0.35089326614750344
All,0.7686669720568026,0.23133302794319743,1.0
